accuracy,loss,val_accuracy,val_loss
0.846141517162323,0.389053612947464,0.6960098147392273,0.7916074395179749
0.905458390712738,0.2473844438791275,0.5479565262794495,1.2356986999511719
0.9254622459411621,0.19697128236293793,0.45921561121940613,1.588208794593811
0.9366515874862671,0.1672549843788147,0.40916723012924194,1.7915927171707153
0.9442937970161438,0.14613866806030273,0.3880208432674408,1.8374305963516235
0.9504629373550415,0.1314837783575058,0.39748406410217285,2.021186590194702
0.9553728699684143,0.11794207245111465,0.3831682503223419,2.237657308578491
0.9587497115135193,0.10990090668201447,0.38005179166793823,2.2951200008392334
